category,orders,units_sold,revenue_inr,avg_selling_price,gst_collected,revenue_share_pct
Electronics,9132,20309,1642422813.39,74707.37621407335,273661263.36,57.40945203182437
Sports & Fitness,8984,19816,497238435.19,24547.223568615573,58556279.76,17.380534330559925
Home & Kitchen,9123,20161,244295159.97,11848.615194381244,28735652.64,8.53912351531269
Fashion,9068,20103,148155306.83,7744.602979404119,7792593.7,5.17863908816605
Automotive,9039,20026,123485087.62,5229.417184057681,29278072.32,4.316313166482216
Office Supplies,9182,20292,93029351.22,4246.248719464145,15510189.24,3.251759554771933
Toys & Baby,8993,19961,46583849.99,2282.848533386725,5472532.56,1.628297707299059
Beauty & Health,8894,19635,33018105.63,1554.2157443332653,5504452.74,1.1541189856190146
Grocery,9116,20099,18718680.6,1035.7739876321564,0.0,0.6542950982193685
Books,8977,19805,13945894.06,781.834656749422,0.0,0.48746652174537375
