cohort_month,segment,new_customers,orders_placed,revenue_inr
2020-06,Budget,6,13,598122.85
2020-06,Inactive,1,1,95278.46
2020-06,New,8,40,2989773.03
2020-06,Premium,5,38,1758706.55
2020-06,Regular,9,63,5177860.52
2020-07,Budget,39,111,7065573.44
2020-07,Inactive,9,6,317107.92
2020-07,New,17,74,4666023.41
2020-07,Premium,28,229,15295735.01
2020-07,Regular,89,510,30717700.39
2020-08,Budget,38,98,6129219.96
2020-08,Inactive,9,6,94318.23999999999
2020-08,New,36,131,8648242.120000001
2020-08,Premium,34,289,16956881.59
2020-08,Regular,76,440,26314147.9
2020-09,Budget,27,78,4885033.09
2020-09,Inactive,6,1,147988.57
2020-09,New,24,94,5665043.72
2020-09,Premium,15,127,7728435.890000001
2020-09,Regular,55,315,17457373.93
2020-10,Budget,53,164,11489743.77
2020-10,Inactive,10,2,6583.0599999999995
2020-10,New,13,48,2435924.57
2020-10,Premium,27,229,13428804.41
2020-10,Regular,79,474,28572166.34
2020-11,Budget,47,128,8505469.67
2020-11,Inactive,10,10,721886.08
2020-11,New,25,112,6728750.51
2020-11,Premium,28,240,15606019.94
2020-11,Regular,78,448,30503879.24
2020-12,Budget,66,203,14211557.3
2020-12,Inactive,6,4,219022.86000000002
2020-12,New,25,99,6898742.72
2020-12,Premium,34,303,19216358.03
2020-12,Regular,69,408,24530772.07
2021-01,Budget,50,164,11616592.91
2021-01,Inactive,11,9,273342.39
2021-01,New,25,107,7638616.84
2021-01,Premium,29,273,18248996.080000002
2021-01,Regular,57,334,22296194.82
2021-02,Budget,39,105,5361881.46
2021-02,Inactive,4,2,49464.34
2021-02,New,23,87,6264857.75
2021-02,Premium,23,183,10098491.04
2021-02,Regular,57,319,18085759.099999998
2021-03,Budget,28,84,6805323.14
2021-03,Inactive,9,7,373422.76
2021-03,New,19,76,6065364.08
2021-03,Premium,23,196,12128081.46
2021-03,Regular,70,443,28465490.03
2021-04,Budget,41,121,7572964.93
2021-04,Inactive,11,8,321372.83
2021-04,New,22,98,5614421.3
2021-04,Premium,26,246,15141458.1
2021-04,Regular,68,380,22780367.8
2021-05,Budget,49,162,8565096.59
2021-05,Inactive,4,4,362001.61
2021-05,New,27,126,8878525.05
2021-05,Premium,17,125,6503373.24
2021-05,Regular,73,407,26125944.72
2021-06,Budget,43,127,6325232.61
2021-06,Inactive,10,8,1185651.55
2021-06,New,33,153,9043422.77
2021-06,Premium,35,297,18886533.94
2021-06,Regular,55,321,18779799.81
2021-07,Budget,40,120,5232257.24
2021-07,Inactive,5,2,60936.0
2021-07,New,28,114,8392799.83
2021-07,Premium,30,246,16497580.62
2021-07,Regular,63,382,23822536.17
2021-08,Budget,43,113,5406005.62
2021-08,Inactive,8,5,595156.23
2021-08,New,19,87,6237995.86
2021-08,Premium,31,231,15135374.94
2021-08,Regular,62,370,23806720.57
2021-09,Budget,46,119,6664465.93
2021-09,Inactive,10,7,159267.97
2021-09,New,15,49,2785240.69
2021-09,Premium,32,273,15715728.33
2021-09,Regular,68,381,23982029.93
2021-10,Budget,48,131,8700001.73
2021-10,Inactive,5,6,239276.9
2021-10,New,25,90,5570442.3
2021-10,Premium,23,196,12504123.75
2021-10,Regular,51,296,17143006.51
2021-11,Budget,35,101,6243628.88
2021-11,Inactive,8,4,126235.31999999999
2021-11,New,29,140,8541934.75
2021-11,Premium,27,241,12479774.53
2021-11,Regular,66,432,27139220.88
2021-12,Budget,43,131,10687537.540000001
2021-12,Inactive,6,2,94417.61
2021-12,New,27,116,7242919.63
2021-12,Premium,16,142,7571589.61
2021-12,Regular,70,412,27354308.84
2022-01,Budget,39,131,6660155.2299999995
2022-01,Inactive,11,8,142004.61
2022-01,New,13,51,3875494.46
2022-01,Premium,22,181,12732483.379999999
2022-01,Regular,73,417,27118820.95
2022-02,Budget,39,114,7291320.84
2022-02,Inactive,5,0,0.0
2022-02,New,21,89,5591888.0
2022-02,Premium,23,202,13332489.55
2022-02,Regular,64,356,21281424.77
2022-03,Budget,48,132,7265189.140000001
2022-03,Inactive,7,4,599291.52
2022-03,New,24,102,6581897.88
2022-03,Premium,23,206,11908452.8
2022-03,Regular,64,395,24123228.0
2022-04,Budget,47,126,8732383.85
2022-04,Inactive,5,3,138838.06
2022-04,New,22,104,6988967.84
2022-04,Premium,22,183,14060822.85
2022-04,Regular,44,240,16133678.43
2022-05,Budget,39,112,7655410.68
2022-05,Inactive,10,13,891950.09
2022-05,New,26,99,6436836.91
2022-05,Premium,29,228,14617766.71
2022-05,Regular,65,363,27669699.44
2022-06,Budget,35,95,5939585.6
2022-06,Inactive,12,6,153073.13
2022-06,New,22,93,4445505.42
2022-06,Premium,22,184,12604031.49
2022-06,Regular,70,394,23295898.09
2022-07,Budget,37,119,7458512.94
2022-07,Inactive,10,3,162269.3
2022-07,New,26,110,9192414.34
2022-07,Premium,19,177,10520160.37
2022-07,Regular,67,404,26726446.62
2022-08,Budget,33,87,5801505.2
2022-08,Inactive,8,2,36909.63
2022-08,New,26,118,9201742.65
2022-08,Premium,22,185,12720368.87
2022-08,Regular,72,425,22760873.85
2022-09,Budget,40,124,8288055.95
2022-09,Inactive,7,5,115848.52
2022-09,New,18,91,7690572.76
2022-09,Premium,26,214,13217967.52
2022-09,Regular,61,361,21587374.19
2022-10,Budget,38,109,6864599.84
2022-10,Inactive,6,4,48886.92
2022-10,New,30,132,7376843.75
2022-10,Premium,24,197,10449048.809999999
2022-10,Regular,55,320,22552006.97
2022-11,Budget,41,121,6863112.22
2022-11,Inactive,10,3,557862.38
2022-11,New,28,95,5787524.72
2022-11,Premium,20,172,12290991.27
2022-11,Regular,67,384,25775103.43
2022-12,Budget,33,96,5877418.38
2022-12,Inactive,3,1,15300.8
2022-12,New,29,134,9052936.58
2022-12,Premium,25,214,17116444.48
2022-12,Regular,58,336,16712617.22
2023-01,Budget,41,115,7269128.79
2023-01,Inactive,10,3,138838.84
2023-01,New,17,68,3753414.86
2023-01,Premium,28,257,17532042.93
2023-01,Regular,75,426,27184018.0
2023-02,Budget,41,127,8699495.01
2023-02,Inactive,7,2,1559.52
2023-02,New,32,140,7174258.37
2023-02,Premium,27,255,17437270.13
2023-02,Regular,55,318,20974125.03
2023-03,Budget,49,141,7809340.42
2023-03,Inactive,9,3,449012.29000000004
2023-03,New,35,149,8403985.9
2023-03,Premium,22,189,11443818.36
2023-03,Regular,65,342,19574027.86
2023-04,Budget,48,141,9412012.629999999
2023-04,Inactive,9,5,645781.65
2023-04,New,27,114,6965570.390000001
2023-04,Premium,20,162,9157986.7
2023-04,Regular,69,402,23138559.84
2023-05,Budget,40,110,7066220.38
2023-05,Inactive,13,6,722614.11
2023-05,New,24,102,6096504.4799999995
2023-05,Premium,26,234,14589845.7
2023-05,Regular,56,327,19189499.58
2023-06,Budget,36,118,8669025.1
2023-06,Inactive,10,5,227330.74
2023-06,New,28,139,8742371.57
2023-06,Premium,23,212,13802116.32
2023-06,Regular,66,332,22738130.17
2023-07,Budget,47,139,9799443.14
2023-07,Inactive,6,3,66764.45999999999
2023-07,New,26,118,5731210.5
2023-07,Premium,37,318,16631131.76
2023-07,Regular,59,316,22191944.84
2023-08,Budget,23,67,4863753.64
2023-08,Inactive,7,3,119230.3
2023-08,New,23,129,6983855.31
2023-08,Premium,18,138,8548621.7
2023-08,Regular,69,378,23956191.38
2023-09,Budget,46,135,8657682.91
2023-09,Inactive,7,3,92701.20999999999
2023-09,New,16,59,4181984.88
2023-09,Premium,31,271,16697986.52
2023-09,Regular,72,402,25172001.88
2023-10,Budget,46,131,7080938.33
2023-10,Inactive,1,0,0.0
2023-10,New,26,137,8064917.0
2023-10,Premium,17,135,8299558.47
2023-10,Regular,85,479,32640901.42
2023-11,Budget,43,112,7300695.930000001
2023-11,Inactive,7,1,13247.86
2023-11,New,30,125,7816586.85
2023-11,Premium,25,223,13558166.76
2023-11,Regular,75,403,26300882.44
2023-12,Budget,41,119,7740433.51
2023-12,Inactive,8,4,126043.65
2023-12,New,27,119,7117935.96
2023-12,Premium,29,245,15040075.26
2023-12,Regular,76,438,27548336.67
2024-01,Budget,39,103,8693538.92
2024-01,Inactive,9,4,431614.56
2024-01,New,25,118,7461353.94
2024-01,Premium,26,208,12596871.44
2024-01,Regular,77,455,28292306.15
2024-02,Budget,40,120,7433737.13
2024-02,Inactive,5,3,77859.17000000001
2024-02,New,18,74,4953428.0600000005
2024-02,Premium,23,195,11982586.41
2024-02,Regular,53,317,21319734.16
2024-03,Budget,41,103,7023272.7299999995
2024-03,Inactive,7,2,90854.0
2024-03,New,29,133,8604372.46
2024-03,Premium,26,225,14028771.959999999
2024-03,Regular,79,436,28096100.240000002
2024-04,Budget,42,137,9476991.94
2024-04,Inactive,3,2,161828.81
2024-04,New,25,117,7315184.61
2024-04,Premium,32,277,18500926.32
2024-04,Regular,74,403,24717385.37
2024-05,Budget,43,113,5987871.23
2024-05,Inactive,12,6,70493.33
2024-05,New,24,84,4995460.04
2024-05,Premium,24,218,11292134.76
2024-05,Regular,57,330,21986427.66
2024-06,Budget,32,90,5812610.57
2024-06,Inactive,12,9,342854.2
2024-06,New,29,108,5164925.32
2024-06,Premium,31,276,16617993.67
2024-06,Regular,58,329,21907976.79
2024-07,Budget,53,136,9826218.65
2024-07,Inactive,5,3,46941.950000000004
2024-07,New,29,143,10101184.61
2024-07,Premium,25,232,13678926.79
2024-07,Regular,85,469,31296459.51
2024-08,Budget,33,91,5420206.97
2024-08,Inactive,17,14,744151.74
2024-08,New,28,133,10852856.59
2024-08,Premium,28,246,13691447.22
2024-08,Regular,68,402,28064420.21
2024-09,Budget,48,156,11560134.57
2024-09,Inactive,11,2,112764.51000000001
2024-09,New,24,94,5428091.64
2024-09,Premium,24,205,12583170.16
2024-09,Regular,59,330,22037691.1
2024-10,Budget,51,163,12161997.86
2024-10,Inactive,6,3,132444.44
2024-10,New,28,124,7938819.45
2024-10,Premium,23,194,10038744.280000001
2024-10,Regular,67,383,24944608.06
2024-11,Budget,50,168,9912629.15
2024-11,Inactive,5,1,19939.27
2024-11,New,27,130,7465451.93
2024-11,Premium,21,185,12182041.22
2024-11,Regular,71,375,22759749.36
2024-12,Budget,43,125,8288928.11
2024-12,Inactive,11,4,121306.97
2024-12,New,31,145,9864747.44
2024-12,Premium,18,156,11041096.469999999
2024-12,Regular,67,389,24540793.830000002
2025-01,Budget,29,95,6575862.33
2025-01,Inactive,7,1,76604.9
2025-01,New,27,122,6326438.26
2025-01,Premium,25,236,14528913.54
2025-01,Regular,61,368,20765431.93
2025-02,Budget,38,105,5483856.32
2025-02,Inactive,4,4,189413.28
2025-02,New,28,109,7285907.03
2025-02,Premium,21,189,9914825.3
2025-02,Regular,72,396,22713760.56
2025-03,Budget,55,161,10050490.5
2025-03,Inactive,12,14,897558.1599999999
2025-03,New,20,83,6006711.08
2025-03,Premium,20,185,10315082.86
2025-03,Regular,73,411,26646245.23
2025-04,Budget,35,96,6489795.35
2025-04,Inactive,6,5,214242.53
2025-04,New,21,93,6047263.15
2025-04,Premium,27,231,14721142.94
2025-04,Regular,70,400,26080250.97
2025-05,Budget,40,106,7272471.88
2025-05,Inactive,14,9,834180.59
2025-05,New,23,94,4079209.23
2025-05,Premium,22,208,12300316.879999999
2025-05,Regular,75,456,29422668.65
2025-06,Budget,42,111,7776170.92
2025-06,Inactive,4,1,6416.35
2025-06,New,16,91,5545653.53
2025-06,Premium,22,171,10408540.73
2025-06,Regular,63,338,21898442.259999998
