order_date,total_orders,gross_revenue_inr,total_gst_collected,total_discounts,avg_order_value,cancelled_orders
2023-06,444,27384848.52,4053453.45,2884095.64,61677.586756756755,55
2023-07,2081,128920508.89,18975135.95,13842697.92,61951.229644401734,232
2023-08,2091,128122036.65,19070057.92,14238385.34,61273.09261119082,254
2023-09,2104,137462482.61,20450010.59,14998066.75,65333.8795674905,254
2023-10,2060,132470873.88,19725787.12,14159074.75,64306.249456310674,240
2023-11,2114,137263358.98,20657974.5,14628445.57,64930.63338694417,235
2023-12,2090,136923402.11,20386054.68,13964664.96,65513.589526315795,254
2024-01,2090,131450024.93,19435403.96,14091469.93,62894.74877033493,258
2024-02,1907,120945866.02,17960199.56,12982465.56,63422.05874147876,229
2024-03,2111,133670054.09,19810084.48,14624124.33,63320.72671245855,249
2024-04,2131,131509731.33,19429280.8,14002402.09,61712.68480994838,267
2024-05,2167,136358367.35,20292170.78,14494000.09,62924.950323027224,274
2024-06,2072,123740979.91,18228734.82,13902535.61,59720.5501496139,230
2024-07,2025,127028265.56,18811166.5,13771078.54,62730.00768395062,258
2024-08,2146,131923460.25,19569641.24,14483119.57,61474.1194082013,249
2024-09,2011,130525274.09,19326663.52,14057199.71,64905.65593734461,246
2024-10,2131,133518340.58,19743559.92,14688030.2,62655.251328015016,245
2024-11,2084,126264141.81,18672981.78,13615292.31,60587.40010076776,257
2024-12,2148,133089459.98,19669354.38,14824757.61,61959.71135009311,265
2025-01,2239,137929116.81,20474445.24,15021418.33,61602.99991514069,304
2025-02,1879,114116740.83,16737025.89,12039377.94,60732.698685471,234
2025-03,2167,136493234.38,20296255.49,15063840.81,62987.18706968158,260
2025-04,2024,130822233.96,19491086.29,14185373.22,64635.49108695652,234
2025-05,2134,135849393.2,20237991.74,14660482.95,63659.50946579193,250
2025-06,1550,103603347.86,15453667.96,10702102.93,66840.86958709678,163
