category,returns,orders,return_value_inr,return_rate_pct
Automotive,1871,9039,140006180.73,20.699192388538556
Beauty & Health,1750,8894,121195694.02,19.67618619293906
Books,1862,8977,126567612.82,20.74189595633285
Electronics,1874,9132,449702477.59,20.52124397722295
Fashion,1845,9068,145460441.34,20.346272606969563
Grocery,1841,9116,129692083.66,20.1952610794208
Home & Kitchen,1930,9123,169425708.66,21.15532171434835
Office Supplies,1875,9182,134871181.28,20.42038771509475
Sports & Fitness,1919,8984,230417362.33,21.36019590382903
Toys & Baby,1934,8993,134554068.3,21.505615478705657
