state,customers,orders,revenue_inr,aov_inr
Andhra Pradesh,327,1153,71266284.54,61809.4401908066
Assam,197,669,45045289.34,67332.2710612855
Chandigarh,170,630,41420974.18,65747.57806349207
Chhattisgarh,198,713,43997205.89,61707.16113604488
Delhi,179,660,41966922.43,63586.24610606061
Gujarat,719,2500,170976884.65,68390.75386
Haryana,172,590,36152116.35,61274.77347457627
Jammu & Kashmir,166,584,35062061.54,60037.77660958904
Jharkhand,364,1362,84229364.51,61842.41153450808
Karnataka,556,2035,126018629.3,61925.61636363636
Madhya Pradesh,702,2437,158579127.74,65071.451678292986
Maharashtra,1465,5332,333995100.31,62639.74124343586
Punjab,380,1334,81827377.34,61339.86307346327
Rajasthan,564,1958,117698055.62,60111.36650663943
Tamil Nadu,676,2359,150479695.71,63789.612424756255
Telangana,173,594,38564716.06,64923.76441077441
Uttar Pradesh,1690,6218,389642884.21,62663.69961563203
West Bengal,385,1371,86935922.24,63410.59244347191
