supplier_id,supplier_name,category_s,rating_s,payment_terms_days,products_supplied,avg_product_rating
SUP0001,Iyer Elec Pvt Ltd,Electronics,4.1,15,5,3.8600000000000003
SUP0002,Sharma Offi Pvt Ltd,Office Supplies,4.5,15,6,4.383333333333334
SUP0003,Choudhury Beau Pvt Ltd,Beauty & Health,4.3,60,8,3.8875
SUP0005,Patil Spor Pvt Ltd,Sports & Fitness,5.0,30,4,4.175
SUP0006,Choudhury Fash Pvt Ltd,Fashion,4.5,45,6,3.733333333333333
SUP0007,Arora Elec Pvt Ltd,Electronics,4.2,15,4,4.35
SUP0008,Nair Book Pvt Ltd,Books,4.9,60,6,3.8333333333333335
SUP0009,Patil Toys Pvt Ltd,Toys & Baby,4.8,15,6,4.033333333333333
SUP0010,Mehta Book Pvt Ltd,Books,4.3,15,5,4.3
SUP0011,Tiwari Fash Pvt Ltd,Fashion,4.9,15,3,4.133333333333334
SUP0012,Singh Toys Pvt Ltd,Toys & Baby,4.2,15,6,3.9499999999999997
SUP0013,Mukherjee Offi Pvt Ltd,Office Supplies,3.8,15,6,4.2
SUP0014,Ahuja Book Pvt Ltd,Books,4.0,30,5,3.88
SUP0015,Mishra Spor Pvt Ltd,Sports & Fitness,3.2,45,4,4.199999999999999
SUP0016,Ahuja Offi Pvt Ltd,Office Supplies,3.7,15,3,3.9
SUP0017,Roy Auto Pvt Ltd,Automotive,4.8,45,3,4.166666666666667
SUP0018,Tripathi Spor Pvt Ltd,Sports & Fitness,3.5,30,3,3.7000000000000006
SUP0019,Sen Book Pvt Ltd,Books,4.4,60,6,3.966666666666667
SUP0020,Menon Home Pvt Ltd,Home & Kitchen,4.4,15,2,4.45
SUP0021,Kumar Spor Pvt Ltd,Sports & Fitness,3.4,30,3,4.033333333333333
SUP0022,Rao Offi Pvt Ltd,Office Supplies,4.6,60,5,4.0200000000000005
SUP0023,Sethi Spor Pvt Ltd,Sports & Fitness,3.8,60,4,4.3
SUP0024,Yadav Toys Pvt Ltd,Toys & Baby,4.7,60,5,4.12
SUP0025,Sethi Groc Pvt Ltd,Grocery,3.3,15,7,3.814285714285714
SUP0026,Das Fash Pvt Ltd,Fashion,4.9,15,3,3.733333333333334
SUP0027,Bhatia Auto Pvt Ltd,Automotive,4.8,15,7,4.085714285714286
SUP0028,Sen Home Pvt Ltd,Home & Kitchen,4.5,15,4,4.175
SUP0029,Tiwari Elec Pvt Ltd,Electronics,4.9,30,5,4.4
SUP0030,Ahuja Toys Pvt Ltd,Toys & Baby,4.3,60,3,4.366666666666666
SUP0031,Roy Groc Pvt Ltd,Grocery,3.6,45,5,3.94
SUP0032,Bajaj Groc Pvt Ltd,Grocery,4.0,15,3,4.166666666666667
SUP0033,Nair Auto Pvt Ltd,Automotive,3.9,45,7,4.228571428571429
SUP0034,Reddy Beau Pvt Ltd,Beauty & Health,4.7,15,6,4.05
SUP0035,Iyer Auto Pvt Ltd,Automotive,3.7,60,6,3.8000000000000003
SUP0036,Kumar Toys Pvt Ltd,Toys & Baby,3.9,60,7,3.957142857142857
SUP0037,Bajaj Beau Pvt Ltd,Beauty & Health,3.8,15,3,4.3
SUP0038,Pillai Beau Pvt Ltd,Beauty & Health,4.8,30,9,3.966666666666667
SUP0039,Dwivedi Offi Pvt Ltd,Office Supplies,4.2,45,3,4.4
SUP0040,Sethi Offi Pvt Ltd,Office Supplies,3.9,15,3,4.233333333333333
SUP0041,Gandhi Spor Pvt Ltd,Sports & Fitness,4.3,15,7,3.971428571428571
SUP0042,Sethi Spor Pvt Ltd,Sports & Fitness,4.1,45,5,3.8599999999999994
SUP0043,Patil Groc Pvt Ltd,Grocery,3.4,60,4,3.8499999999999996
SUP0044,Das Beau Pvt Ltd,Beauty & Health,3.7,60,8,3.9375
SUP0045,Nair Book Pvt Ltd,Books,3.3,15,6,3.8333333333333335
SUP0046,Sen Fash Pvt Ltd,Fashion,4.9,60,5,4.04
SUP0047,Kumar Elec Pvt Ltd,Electronics,3.6,15,4,4.05
SUP0048,Das Book Pvt Ltd,Books,4.3,45,4,4.175
SUP0049,Srivastava Groc Pvt Ltd,Grocery,3.0,45,7,3.6999999999999997
SUP0050,Banerjee Offi Pvt Ltd,Office Supplies,3.1,60,5,4.279999999999999
SUP0051,Das Spor Pvt Ltd,Sports & Fitness,4.6,45,3,3.8666666666666667
SUP0052,Tripathi Toys Pvt Ltd,Toys & Baby,3.9,30,12,4.0
SUP0053,Sen Fash Pvt Ltd,Fashion,3.9,60,2,4.65
SUP0054,Arora Offi Pvt Ltd,Office Supplies,3.2,45,5,4.14
SUP0055,Iyer Elec Pvt Ltd,Electronics,4.7,15,7,3.9285714285714284
SUP0056,Agarwal Spor Pvt Ltd,Sports & Fitness,3.7,15,3,3.6666666666666665
SUP0057,Bhatia Elec Pvt Ltd,Electronics,3.9,45,9,4.177777777777778
SUP0058,Ahuja Fash Pvt Ltd,Fashion,4.0,60,4,3.9
SUP0059,Ghosh Book Pvt Ltd,Books,3.2,15,8,4.0625
SUP0060,Singh Home Pvt Ltd,Home & Kitchen,4.2,15,4,3.9499999999999997
SUP0061,Tripathi Spor Pvt Ltd,Sports & Fitness,3.5,30,5,4.08
SUP0062,Bose Offi Pvt Ltd,Office Supplies,4.8,15,4,4.175
SUP0063,Kulkarni Beau Pvt Ltd,Beauty & Health,3.1,45,4,3.8249999999999997
SUP0064,Mehta Book Pvt Ltd,Books,4.7,60,7,4.057142857142857
SUP0065,Roy Spor Pvt Ltd,Sports & Fitness,4.7,60,7,3.8714285714285714
SUP0066,Rao Toys Pvt Ltd,Toys & Baby,3.3,15,7,3.8428571428571425
SUP0067,Choudhury Home Pvt Ltd,Home & Kitchen,3.1,60,6,4.066666666666666
SUP0068,Mukherjee Elec Pvt Ltd,Electronics,4.2,60,5,4.24
SUP0069,Chaudhary Spor Pvt Ltd,Sports & Fitness,3.7,30,6,3.8166666666666664
SUP0070,Choudhury Elec Pvt Ltd,Electronics,4.9,45,7,4.085714285714286
SUP0071,Khanna Beau Pvt Ltd,Beauty & Health,3.4,45,2,3.6
SUP0072,Kumar Home Pvt Ltd,Home & Kitchen,4.7,30,3,3.766666666666667
SUP0073,Arora Spor Pvt Ltd,Sports & Fitness,3.9,60,1,3.6
SUP0074,Saxena Book Pvt Ltd,Books,4.8,60,4,3.675
SUP0075,Kapoor Groc Pvt Ltd,Grocery,3.1,30,8,3.9
SUP0076,Sharma Groc Pvt Ltd,Grocery,3.8,30,4,4.25
SUP0077,Verma Offi Pvt Ltd,Office Supplies,3.1,45,7,4.185714285714286
SUP0078,Khanna Auto Pvt Ltd,Automotive,3.1,30,4,4.0
SUP0079,Yadav Groc Pvt Ltd,Grocery,5.0,60,10,3.96
SUP0080,Walia Beau Pvt Ltd,Beauty & Health,3.7,60,5,3.9
SUP0082,Choudhury Fash Pvt Ltd,Fashion,3.7,45,3,4.033333333333333
SUP0083,Ghosh Spor Pvt Ltd,Sports & Fitness,4.8,60,6,4.116666666666666
SUP0084,Pillai Book Pvt Ltd,Books,4.1,15,2,4.1
SUP0085,Reddy Spor Pvt Ltd,Sports & Fitness,3.8,45,2,3.9499999999999997
SUP0086,Desai Fash Pvt Ltd,Fashion,4.7,15,2,4.55
SUP0087,Chatterjee Book Pvt Ltd,Books,4.3,30,6,4.066666666666666
SUP0088,Gupta Elec Pvt Ltd,Electronics,4.6,30,9,4.233333333333333
SUP0089,Das Home Pvt Ltd,Home & Kitchen,3.6,15,5,4.04
SUP0090,Pillai Fash Pvt Ltd,Fashion,4.0,60,4,3.525
SUP0091,Nair Auto Pvt Ltd,Automotive,4.8,30,4,4.1
SUP0092,Tiwari Offi Pvt Ltd,Office Supplies,4.6,45,4,3.9
SUP0093,Bose Offi Pvt Ltd,Office Supplies,5.0,60,5,4.0200000000000005
SUP0094,Ahuja Auto Pvt Ltd,Automotive,4.2,15,6,4.2
SUP0095,Jain Home Pvt Ltd,Home & Kitchen,4.0,30,5,4.04
SUP0096,Sen Spor Pvt Ltd,Sports & Fitness,3.4,45,4,3.95
SUP0097,Kapoor Spor Pvt Ltd,Sports & Fitness,4.8,45,3,3.8333333333333335
SUP0098,Tripathi Auto Pvt Ltd,Automotive,3.7,60,7,4.0
SUP0099,Mishra Auto Pvt Ltd,Automotive,4.8,15,9,4.2555555555555555
SUP0100,Banerjee Toys Pvt Ltd,Toys & Baby,3.5,60,7,4.057142857142857
SUP0101,Bhatia Home Pvt Ltd,Home & Kitchen,3.4,15,1,3.2
SUP0102,Nair Beau Pvt Ltd,Beauty & Health,3.8,30,5,4.3
SUP0103,Bajaj Beau Pvt Ltd,Beauty & Health,4.1,15,3,3.766666666666667
SUP0104,Tripathi Fash Pvt Ltd,Fashion,3.9,15,2,4.5
SUP0105,Rao Groc Pvt Ltd,Grocery,3.1,60,6,3.733333333333333
SUP0106,Khanna Spor Pvt Ltd,Sports & Fitness,4.5,30,6,4.233333333333333
SUP0107,Arora Groc Pvt Ltd,Grocery,3.4,30,1,3.5
SUP0108,Gupta Book Pvt Ltd,Books,3.6,30,5,4.04
SUP0109,Tripathi Beau Pvt Ltd,Beauty & Health,3.3,60,3,4.066666666666666
SUP0110,Ahuja Book Pvt Ltd,Books,3.2,45,5,3.8600000000000003
SUP0111,Kumar Offi Pvt Ltd,Office Supplies,4.8,60,4,4.3
SUP0112,Walia Auto Pvt Ltd,Automotive,3.7,30,7,3.8428571428571425
SUP0113,Tripathi Elec Pvt Ltd,Electronics,4.9,60,7,4.071428571428571
SUP0114,Arora Home Pvt Ltd,Home & Kitchen,3.3,60,4,3.925
SUP0116,Shah Home Pvt Ltd,Home & Kitchen,3.6,30,4,4.4
SUP0117,Khanna Fash Pvt Ltd,Fashion,3.5,15,1,3.8
SUP0118,Shukla Beau Pvt Ltd,Beauty & Health,4.1,30,4,4.2250000000000005
SUP0119,Gandhi Home Pvt Ltd,Home & Kitchen,4.6,45,6,4.266666666666667
SUP0120,Jain Toys Pvt Ltd,Toys & Baby,3.7,45,5,3.9
SUP0121,Patel Fash Pvt Ltd,Fashion,3.8,60,2,3.6
SUP0122,Mishra Offi Pvt Ltd,Office Supplies,4.9,45,2,3.85
SUP0123,Rao Fash Pvt Ltd,Fashion,3.4,45,7,3.8857142857142857
SUP0124,Nair Offi Pvt Ltd,Office Supplies,4.9,60,5,4.180000000000001
SUP0125,Banerjee Toys Pvt Ltd,Toys & Baby,4.1,60,6,4.233333333333333
SUP0126,Walia Fash Pvt Ltd,Fashion,3.0,15,7,4.328571428571428
SUP0127,Dwivedi Offi Pvt Ltd,Office Supplies,3.2,15,2,4.550000000000001
SUP0128,Kapoor Auto Pvt Ltd,Automotive,4.0,30,2,4.5
SUP0129,Bose Book Pvt Ltd,Books,4.5,45,8,3.875
SUP0130,Desai Home Pvt Ltd,Home & Kitchen,4.2,60,5,3.94
SUP0131,Jain Offi Pvt Ltd,Office Supplies,4.3,60,5,4.34
SUP0132,Pillai Home Pvt Ltd,Home & Kitchen,3.8,60,4,4.05
SUP0133,Dwivedi Home Pvt Ltd,Home & Kitchen,4.6,45,6,3.5833333333333335
SUP0134,Roy Auto Pvt Ltd,Automotive,4.6,30,5,4.1
SUP0135,Bajaj Toys Pvt Ltd,Toys & Baby,3.3,15,8,4.2
SUP0136,Agarwal Home Pvt Ltd,Home & Kitchen,4.0,60,3,4.066666666666666
SUP0137,Srivastava Groc Pvt Ltd,Grocery,3.5,60,7,4.271428571428571
SUP0138,Malhotra Groc Pvt Ltd,Grocery,4.8,30,9,4.188888888888889
SUP0139,Chopra Fash Pvt Ltd,Fashion,3.4,15,7,4.285714285714286
SUP0140,Gandhi Elec Pvt Ltd,Electronics,4.5,60,5,3.8200000000000003
SUP0141,Bajaj Offi Pvt Ltd,Office Supplies,4.5,30,4,3.8499999999999996
SUP0142,Mehta Spor Pvt Ltd,Sports & Fitness,4.5,30,6,4.283333333333333
SUP0143,Joshi Groc Pvt Ltd,Grocery,4.5,30,4,4.175
SUP0144,Singh Book Pvt Ltd,Books,3.6,15,6,3.85
SUP0145,Choudhury Toys Pvt Ltd,Toys & Baby,4.2,60,9,3.966666666666667
SUP0146,Ahuja Fash Pvt Ltd,Fashion,3.7,15,7,3.742857142857143
SUP0147,Sen Fash Pvt Ltd,Fashion,4.7,15,3,3.8333333333333335
SUP0148,Gupta Home Pvt Ltd,Home & Kitchen,4.6,30,5,3.9
SUP0149,Patel Beau Pvt Ltd,Beauty & Health,3.3,30,13,3.853846153846154
SUP0150,Sethi Spor Pvt Ltd,Sports & Fitness,3.1,15,6,3.85
SUP0151,Patel Groc Pvt Ltd,Grocery,4.4,60,8,4.1125
SUP0152,Walia Book Pvt Ltd,Books,3.2,15,6,4.3500000000000005
SUP0153,Desai Elec Pvt Ltd,Electronics,3.2,30,5,4.08
SUP0154,Bose Home Pvt Ltd,Home & Kitchen,4.8,15,7,4.185714285714286
SUP0155,Dwivedi Home Pvt Ltd,Home & Kitchen,4.3,30,6,4.0
SUP0156,Khanna Fash Pvt Ltd,Fashion,3.7,60,6,4.233333333333333
SUP0157,Saxena Elec Pvt Ltd,Electronics,3.5,30,9,4.211111111111111
SUP0158,Yadav Spor Pvt Ltd,Sports & Fitness,4.1,60,5,4.26
SUP0159,Verma Offi Pvt Ltd,Office Supplies,4.7,15,3,4.533333333333334
SUP0160,Malhotra Offi Pvt Ltd,Office Supplies,4.3,30,5,3.88
SUP0161,Arora Home Pvt Ltd,Home & Kitchen,3.7,30,1,4.2
SUP0162,Ahuja Fash Pvt Ltd,Fashion,3.9,60,4,4.1
SUP0163,Khanna Spor Pvt Ltd,Sports & Fitness,3.1,15,2,3.65
SUP0164,Saxena Fash Pvt Ltd,Fashion,4.3,45,6,4.066666666666667
SUP0165,Banerjee Auto Pvt Ltd,Automotive,3.9,15,10,4.119999999999999
SUP0166,Patil Beau Pvt Ltd,Beauty & Health,4.5,30,3,4.166666666666667
SUP0167,Srivastava Toys Pvt Ltd,Toys & Baby,3.2,45,10,3.85
SUP0168,Bajaj Offi Pvt Ltd,Office Supplies,4.7,30,4,4.5
SUP0169,Tripathi Fash Pvt Ltd,Fashion,3.3,30,5,3.5
SUP0170,Walia Fash Pvt Ltd,Fashion,4.2,30,1,3.4
SUP0171,Bhatia Book Pvt Ltd,Books,4.9,45,5,4.12
SUP0172,Ghosh Fash Pvt Ltd,Fashion,4.6,30,3,3.6666666666666665
SUP0173,Gupta Elec Pvt Ltd,Electronics,4.2,60,6,3.966666666666667
SUP0174,Menon Home Pvt Ltd,Home & Kitchen,4.0,60,4,4.074999999999999
SUP0175,Sharma Offi Pvt Ltd,Office Supplies,3.9,30,3,3.4333333333333336
SUP0177,Desai Toys Pvt Ltd,Toys & Baby,4.4,30,6,3.783333333333333
SUP0178,Mishra Auto Pvt Ltd,Automotive,3.7,30,8,3.9625
SUP0179,Pillai Beau Pvt Ltd,Beauty & Health,3.8,45,5,4.16
SUP0180,Desai Groc Pvt Ltd,Grocery,4.6,60,5,4.2
SUP0181,Chaudhary Toys Pvt Ltd,Toys & Baby,4.4,30,3,4.7
SUP0182,Mishra Offi Pvt Ltd,Office Supplies,3.3,30,2,4.800000000000001
SUP0183,Verma Book Pvt Ltd,Books,3.1,15,6,4.233333333333333
SUP0184,Gandhi Beau Pvt Ltd,Beauty & Health,3.6,15,9,4.022222222222222
SUP0185,Kapoor Auto Pvt Ltd,Automotive,3.3,60,6,4.383333333333334
SUP0186,Reddy Beau Pvt Ltd,Beauty & Health,3.0,15,5,4.220000000000001
SUP0187,Iyer Groc Pvt Ltd,Grocery,3.2,30,12,4.241666666666666
SUP0188,Srivastava Fash Pvt Ltd,Fashion,3.9,60,3,3.9666666666666663
SUP0189,Dwivedi Offi Pvt Ltd,Office Supplies,3.0,15,3,3.9
SUP0190,Sethi Home Pvt Ltd,Home & Kitchen,4.7,15,8,4.0375
SUP0191,Das Fash Pvt Ltd,Fashion,4.7,45,3,4.333333333333333
SUP0192,Ahuja Offi Pvt Ltd,Office Supplies,4.8,15,2,3.8499999999999996
SUP0193,Bajaj Fash Pvt Ltd,Fashion,3.9,60,1,4.6
SUP0194,Singh Auto Pvt Ltd,Automotive,3.8,60,9,3.933333333333333
SUP0195,Ghosh Spor Pvt Ltd,Sports & Fitness,3.4,30,5,3.9200000000000004
SUP0196,Shukla Home Pvt Ltd,Home & Kitchen,4.6,60,4,3.95
SUP0197,Iyer Elec Pvt Ltd,Electronics,4.5,30,8,3.825
SUP0198,Khanna Elec Pvt Ltd,Electronics,4.6,30,5,4.3
SUP0199,Bhatia Home Pvt Ltd,Home & Kitchen,4.9,30,3,3.4333333333333336
SUP0200,Dwivedi Beau Pvt Ltd,Beauty & Health,3.2,60,5,4.08
